id,area,source_status,need,conditions_or_open_scope,source,physical_csv_lines,original_timestamps,approval_or_delivery_status
A01,Participant and worker onboarding,Direct client request,Extract information from emailed intake and onboarding forms and scanned assessments; place participant and employee information in the appropriate ShiftCare and Xero records for staff review.,"Confirm the forms, fields, record matching and review steps with Adriana and the current admin. Referrals can also arrive through the website, phone, support coordinators or other providers.",dialpad_transcript_20261005_0923.csv,351; 855; 857; 873; 1134; 1168; 1174,2026-10-05 10:40:06.8 PST; 2026-10-05 12:23:10.4 PST; 2026-10-05 12:23:32.8 PST; 2026-10-05 12:27:17.6 PST; 2026-10-05 13:16:26.6 PST; 2026-10-05 13:22:12.6 PST; 2026-10-05 13:23:14.4 PST,No final approval or implementation status established by this review
A02,Service area screening,Direct client request,Check the address or suburb before the full intake form and clearly tell the person whether OCD currently serves the area.,"An area's coverage must consider actual capacity, preferred hours, new hires and departures. Adjacent areas can be negotiated case by case; proximity alone does not guarantee availability.",dialpad_transcript_20261005_0923.csv,358; 389; 404; 415; 418; 419,2026-10-05 10:41:56.6 PST; 2026-10-05 10:49:32.0 PST; 2026-10-05 10:52:37.4 PST; 2026-10-05 10:54:07.0 PST; 2026-10-05 10:54:35.0 PST; 2026-10-05 10:55:07.4 PST,No final approval or implementation status established by this review
A03,Email handling and follow-up,Direct client request + operating need,"Reduce overlooked enquiries and duplicated admin attention. Recognize invoice complaints, identify the relevant invoice and flag urgent matters. Process incoming forms into the correct records.","An assigned owner, next action and follow-up queue are recommended implementation choices. Automatic outgoing replies and financial adjustments were not defined in the meeting.",dialpad_transcript_20261005_0923.csv,365; 368; 871; 873,2026-10-05 10:43:23.6 PST; 2026-10-05 10:43:45.3 PST; 2026-10-05 12:27:02.0 PST; 2026-10-05 12:27:17.6 PST,No final approval or implementation status established by this review
A04,"Reminders, confirmations and cancellations",Direct client request,"Support the existing three-day service reminder, capture yes/no responses and cancellation reasons, and update the cancellation in ShiftCare automatically. Reduce daily manual response checking.","Prefer reminders and communication in the same platform. Confirm the cancellation policy, exceptions and notification behaviour before configuring actions.",dialpad_transcript_20261005_0923.csv,536; 540; 593; 596; 607; 644,2026-10-05 11:16:45.8 PST; 2026-10-05 11:17:31.5 PST; 2026-10-05 11:25:56.6 PST; 2026-10-05 11:26:38.0 PST; 2026-10-05 11:28:08.6 PST; 2026-10-05 11:35:47.6 PST,No final approval or implementation status established by this review
A05,Booking and worker availability controls,Operating constraint + discussed feature,Protect recurring bookings and respect worker hours and personal commitments. New or rescheduled work must be checked with the worker; an unbooked calendar slot is not sufficient evidence of availability.,Accept/decline requests and offering declined work to another worker were proposed and received positive feedback. Detailed approval and escalation rules remain open.,dialpad_transcript_20261005_0923.csv,415; 611; 614; 626; 631; 635; 640,2026-10-05 10:54:07.0 PST; 2026-10-05 11:29:56.0 PST; 2026-10-05 11:30:18.6 PST; 2026-10-05 11:32:16.5 PST; 2026-10-05 11:32:47.0 PST; 2026-10-05 11:33:38.0 PST; 2026-10-05 11:34:29.0 PST,No final approval or implementation status established by this review
A06,Service continuity and replacement coverage,Operating need,"Respond to last-minute sickness, resignations and repeated missed visits. Maintain participant communication and arrange replacement coverage or a human follow-up when a service is at risk.",Fully automatic replacement selection was a team proposal. Staff still need to handle cases where no suitable worker is available; the system cannot create missing capacity.,dialpad_transcript_20261005_0923.csv,113; 260; 266; 404; 426; 662; 663; 917; 973,2026-10-05 09:47:11.3 PST; 2026-10-05 10:18:49.7 PST; 2026-10-05 10:20:43.4 PST; 2026-10-05 10:52:37.4 PST; 2026-10-05 10:56:41.0 PST; 2026-10-05 11:39:16.8 PST; 2026-10-05 11:40:06.2 PST; 2026-10-05 12:37:32.0 PST; 2026-10-05 12:47:41.6 PST,No final approval or implementation status established by this review
A07,Worker documents and data cleanup,Direct client request + operating need,"Track missing and expiring worker documents, including checks and first aid. Review and correct records that incorrectly mark non-expiring documents as expired.","ShiftCare already provides expiry tracking. Confirm the document types, dates and renewal/follow-up process; this includes a data cleanup task, not only new reminders.",dialpad_transcript_20261005_0923.csv,93; 105; 446,2026-10-05 09:44:14.2 PST; 2026-10-05 09:46:02.8 PST; 2026-10-05 11:00:18.2 PST,No final approval or implementation status established by this review
A08,"Visit records, duration and important notes",Operating need,"Compare rostered and actual service duration, capture extra time and progress notes, and preserve explanations of tasks and outcomes. Bring significant issues to the office's attention.",Confidential office notes must remain restricted. The exact alert criteria and bookkeeping review steps need the current team's input.,dialpad_transcript_20261005_0923.csv,476; 478; 693; 697; 701; 702,2026-10-05 11:04:36.8 PST; 2026-10-05 11:04:59.6 PST; 2026-10-05 11:45:43.4 PST; 2026-10-05 11:46:30.2 PST; 2026-10-05 11:47:05.6 PST; 2026-10-05 11:47:33.2 PST,No final approval or implementation status established by this review
A09,Invoicing and payroll review,Operating need + discussed automation,"Support the correct invoice recipient for the participant's funding arrangement and review actual hours, kilometres and travel payments. Existing routines include Tuesday invoicing and fortnightly payroll; rejected invoices and incorrect pay are concerns.",ShiftCare-to-Xero export/invoicing already operates. Reduce repetitive checking around it. Confirm rates and travel rules with the bookkeeper; the rare decimal/rounding export problem was explicitly lower priority.,dialpad_transcript_20261005_0923.csv,82; 85; 89; 197; 204; 211; 285; 481; 486; 676; 679; 688; 690; 719; 722; 726; 762; 766; 771; 773; 775; 791; 1013,2026-10-05 09:42:13.6 PST; 2026-10-05 09:43:00.4 PST; 2026-10-05 09:43:32.8 PST; 2026-10-05 10:04:34.0 PST; 2026-10-05 10:05:56.2 PST; 2026-10-05 10:07:29.8 PST; 2026-10-05 10:26:23.0 PST; 2026-10-05 11:05:35.6 PST; 2026-10-05 11:06:15.2 PST; 2026-10-05 11:42:56.0 PST; 2026-10-05 11:43:09.8 PST; 2026-10-05 11:44:29.0 PST; 2026-10-05 11:44:51.8 PST; 2026-10-05 11:51:42.2 PST; 2026-10-05 11:52:41.0 PST; 2026-10-05 11:53:30.8 PST; 2026-10-05 12:01:51.8 PST; 2026-10-05 12:02:29.0 PST; 2026-10-05 12:02:56.0 PST; 2026-10-05 12:03:47.6 PST; 2026-10-05 12:04:02.0 PST; 2026-10-05 12:06:17.0 PST; 2026-10-05 12:55:34.4 PST,No final approval or implementation status established by this review
A10,Service agreements and document filing,Existing workflow + discussed feature,Account for the existing service agreement/sign-request process and filing received forms under the correct participant in ShiftCare. Agreement copies in the participant portal were proposed.,A replacement signing platform or automatic generation of legally approved agreements was not established. Confirm existing templates and the document return/filing process.,dialpad_transcript_20261005_0923.csv,806; 814; 817; 819; 821,2026-10-05 12:12:05.2 PST; 2026-10-05 12:13:11.6 PST; 2026-10-05 12:13:30.4 PST; 2026-10-05 12:14:01.6 PST; 2026-10-05 12:14:26.0 PST,No final approval or implementation status established by this review
A11,"Communication, privacy and retained history",Direct client request + operating constraint,"Consolidate messages and reminders, preferably using app notifications. Protect personal phone numbers and worker home addresses. Give administrators access to retained communication history as evidence of what was communicated.","Define participant, worker, admin and owner access. Avoid fragmenting routine communication across additional channels or adding duplicate worker entry.",dialpad_transcript_20261005_0923.csv,395; 397; 399; 478; 544; 560; 579; 581; 588; 596; 597; 601; 604; 607,2026-10-05 10:50:32.0 PST; 2026-10-05 10:50:45.2 PST; 2026-10-05 10:50:56.8 PST; 2026-10-05 11:04:59.6 PST; 2026-10-05 11:18:14.0 PST; 2026-10-05 11:21:02.4 PST; 2026-10-05 11:23:51.8 PST; 2026-10-05 11:24:20.6 PST; 2026-10-05 11:25:09.2 PST; 2026-10-05 11:26:38.0 PST; 2026-10-05 11:26:56.6 PST; 2026-10-05 11:27:20.6 PST; 2026-10-05 11:27:36.4 PST; 2026-10-05 11:28:08.6 PST,No final approval or implementation status established by this review
A12,Worker arrival and travel estimates,Discussed feature with client support,"Show the participant that the worker is on the way and an estimated arrival time, including delays. Help workers understand travel time to the next job and reduce calls to the office.","The client raised concerns about exact location visibility. Confirm what is shared, with whom and during which part of a visit; always protect worker home addresses.",dialpad_transcript_20261005_0923.csv,514; 557; 558; 565; 568; 571; 574,2026-10-05 11:12:46.5 PST; 2026-10-05 11:20:33.8 PST; 2026-10-05 11:20:51.2 PST; 2026-10-05 11:21:34.7 PST; 2026-10-05 11:22:04.4 PST; 2026-10-05 11:22:23.6 PST; 2026-10-05 11:22:54.8 PST,No final approval or implementation status established by this review
P01,Participant portal,Discussed feature,"Own profile, booking history, service and rescheduling requests, preferred workers, documents and agreements, preferences, messaging and arrival information.",Client feedback was positive but qualified. Requests require availability checks and worker confirmation; the portal must also accommodate office-handled referrals.,dialpad_transcript_20261005_0923.csv,520; 522; 611; 626; 648; 651; 806; 1134,2026-10-05 11:13:44.0 PST; 2026-10-05 11:14:39.2 PST; 2026-10-05 11:29:56.0 PST; 2026-10-05 11:32:16.5 PST; 2026-10-05 11:36:07.4 PST; 2026-10-05 11:36:39.2 PST; 2026-10-05 12:12:05.2 PST; 2026-10-05 13:16:26.6 PST,No final approval or implementation status established by this review
P02,Worker portal,Discussed feature,"Own assignments and schedule, accept/decline offers or cover requests, hours/pay overview, time in/out, notes and travel to the next job.",The existing ShiftCare worker app must be considered. The client specifically raised comfort and duplicated-work concerns.,dialpad_transcript_20261005_0923.csv,428; 429; 500; 544; 565; 631; 635; 686; 688; 757,2026-10-05 10:56:58.4 PST; 2026-10-05 10:57:40.4 PST; 2026-10-05 11:09:26.0 PST; 2026-10-05 11:18:14.0 PST; 2026-10-05 11:21:34.7 PST; 2026-10-05 11:32:47.0 PST; 2026-10-05 11:33:38.0 PST; 2026-10-05 11:43:50.6 PST; 2026-10-05 11:44:29.0 PST; 2026-10-05 12:00:30.2 PST,No final approval or implementation status established by this review
P03,Office workspace,Discussed feature,"An overview of enquiries, calendar, participant and worker records, assignments, documents, visit information and outstanding work; worker and service-type filters.",Several functions already exist in ShiftCare. Confirm which views remove admin work before extending a separate CRM or duplicating records.,dialpad_transcript_20261005_0923.csv,442; 444; 464; 466; 527; 530; 823; 829; 831; 836,2026-10-05 10:59:34.4 PST; 2026-10-05 11:00:06.2 PST; 2026-10-05 11:03:03.2 PST; 2026-10-05 11:03:18.8 PST; 2026-10-05 11:15:23.6 PST; 2026-10-05 11:15:47.6 PST; 2026-10-05 12:14:40.6 PST; 2026-10-05 12:17:10.9 PST; 2026-10-05 12:17:43.4 PST; 2026-10-05 12:19:02.6 PST,No final approval or implementation status established by this review
L01,Mapbox 3D booking and arrival maps,Later user instruction,"Add Mapbox 3D maps to the Office, existing Worker workspace (selected for 'employer') and Participant/Client views so each can see the appropriate bookings and participants can monitor worker arrival time.",This comes from the subsequent conversation. Role access and the meeting's location-privacy conditions still apply.,Subsequent user messages in this conversation,,,User-requested addition; implementation not audited
T01,Newsletter and promotional messages,Team proposal,Use the participant portal to deliver newsletters and promotional information.,Detailed scope and client approval were not established.,dialpad_transcript_20261005_0923.csv,554,2026-10-05 11:19:49.4 PST,No final approval or implementation status established by this review
T02,Worker incentives,Team proposal,Offer incentives to workers who take additional clients or hours.,No incentive scheme was agreed.,dialpad_transcript_20261005_0923.csv,641,2026-10-05 11:34:30.0 PST,No final approval or implementation status established by this review
T03,Broad AI quality checking,Team proposal,Check entered financial information and other records for errors.,"The proposed capability was not validated. The client's rounding concern was an export issue, not a simple typing error, and was lower priority.",dialpad_transcript_20261005_0923.csv,712; 715; 718; 719; 726; 751; 752,2026-10-05 11:50:10.0 PST; 2026-10-05 11:50:46.6 PST; 2026-10-05 11:51:19.0 PST; 2026-10-05 11:51:42.2 PST; 2026-10-05 11:53:30.8 PST; 2026-10-05 11:58:19.6 PST; 2026-10-05 11:59:02.2 PST,No final approval or implementation status established by this review
T04,Reduce discovery calls,Team proposal,Use online checklists and intake details to reduce some discovery calls.,The client described predominantly website and coordinator enquiries. Eliminating all discovery calls was not agreed.,dialpad_transcript_20261005_0923.csv,347; 348; 351,2026-10-05 10:38:32.0 PST; 2026-10-05 10:39:28.4 PST; 2026-10-05 10:40:06.8 PST,No final approval or implementation status established by this review
T05,Automatic matching and reassignment,Team proposal with qualified feedback,"Use service category, distance and availability to offer work or replacement cover.","Worker confirmation, capacity limits and office exceptions apply. Fully autonomous assignment rules were not finalized.",dialpad_transcript_20261005_0923.csv,382; 385; 388; 415; 419; 631; 635; 662,2026-10-05 10:46:21.3 PST; 2026-10-05 10:48:11.0 PST; 2026-10-05 10:49:05.0 PST; 2026-10-05 10:54:07.0 PST; 2026-10-05 10:55:07.4 PST; 2026-10-05 11:32:47.0 PST; 2026-10-05 11:33:38.0 PST; 2026-10-05 11:39:16.8 PST,No final approval or implementation status established by this review
T06,Live integration across systems,Team proposal,Synchronize the workspace with ShiftCare and Xero using available integrations.,"The transcript mentions API/MCP but does not prove every read, write or live-sync capability. Each workflow needs technical validation.",dialpad_transcript_20261005_0923.csv,503; 743; 745; 749; 928; 933,2026-10-05 11:10:02.0 PST; 2026-10-05 11:57:00.2 PST; 2026-10-05 11:57:29.0 PST; 2026-10-05 11:57:58.6 PST; 2026-10-05 12:39:52.6 PST; 2026-10-05 12:40:44.4 PST,No final approval or implementation status established by this review
B01,HR and recruitment support,Broader business want,"More specialist help with interviews, choosing people and recruitment processes.",No full HR software module was specified.,dialpad_transcript_20261005_0923.csv,908; 909,2026-10-05 12:34:30.2 PST; 2026-10-05 12:35:20.6 PST,No final approval or implementation status established by this review
B02,Subcontractor relationships,Broader business want,"Gradually develop relationships and contracts with subcontractors who have ABNs, seeking more predictable delivery.",This is a business direction. Employment classification and contract rules were not validated by the transcript review.,dialpad_transcript_20261005_0923.csv,911; 913; 915; 917; 924,2026-10-05 12:36:02.0 PST; 2026-10-05 12:36:49.4 PST; 2026-10-05 12:37:07.4 PST; 2026-10-05 12:37:32.0 PST; 2026-10-05 12:38:52.0 PST,No final approval or implementation status established by this review
B03,Organic marketing and referrals,Broader business want,"Regular organic promotion, business development and growth through happy participants and referrals.",No marketing automation programme or ad budget was agreed.,dialpad_transcript_20261005_0923.csv,909; 924; 1048; 1051; 1055,2026-10-05 12:35:20.6 PST; 2026-10-05 12:38:52.0 PST; 2026-10-05 13:02:07.4 PST; 2026-10-05 13:02:45.8 PST; 2026-10-05 13:03:47.6 PST,No final approval or implementation status established by this review
B04,Future data portability,Broader business want,Recognize the potential value of easier transfer if the business later changes its care management software.,An immediate migration or independent full data repository was not approved.,dialpad_transcript_20261005_0923.csv,833; 836,2026-10-05 12:18:06.8 PST; 2026-10-05 12:19:02.6 PST,No final approval or implementation status established by this review
B05,"Cost, owner workload and service reliability",Business outcome,"Reduce admin effort and costs, improve responsiveness and participant retention, and make daily operations less dependent on the owners.",Success measures and baselines have not been agreed.,dialpad_transcript_20261005_0923.csv,860; 862; 902; 904; 919; 950; 952; 1049; 1055; 1056,2026-10-05 12:24:12.2 PST; 2026-10-05 12:24:24.2 PST; 2026-10-05 12:33:00.2 PST; 2026-10-05 12:33:41.0 PST; 2026-10-05 12:38:08.6 PST; 2026-10-05 12:43:04.4 PST; 2026-10-05 12:43:35.6 PST; 2026-10-05 13:02:17.6 PST; 2026-10-05 13:03:47.6 PST; 2026-10-05 13:04:14.0 PST,No final approval or implementation status established by this review
